,Airline,Airline ID,Source Airport,Source Airport ID,Destination Airport,Destination Airport ID,Codeshare,Stops,equipment
0,2B,410,AER,2965,KZN,2990,,0,CR2
1,2B,410,ASF,2966,KZN,2990,,0,CR2
2,2B,410,ASF,2966,MRV,2962,,0,CR2
3,2B,410,CEK,2968,KZN,2990,,0,CR2
4,2B,410,CEK,2968,OVB,4078,,0,CR2
5,2B,410,DME,4029,KZN,2990,,0,CR2
6,2B,410,DME,4029,NBC,6969,,0,CR2
7,2B,410,DME,4029,TGK,\N,,0,CR2
8,2B,410,DME,4029,UUA,6160,,0,CR2
9,2B,410,EGO,6156,KGD,2952,,0,CR2
10,2B,410,EGO,6156,KZN,2990,,0,CR2
11,2B,410,GYD,2922,NBC,6969,,0,CR2
12,2B,410,KGD,2952,EGO,6156,,0,CR2
13,2B,410,KZN,2990,AER,2965,,0,CR2
14,2B,410,KZN,2990,ASF,2966,,0,CR2
15,2B,410,KZN,2990,CEK,2968,,0,CR2
16,2B,410,KZN,2990,DME,4029,,0,CR2
17,2B,410,KZN,2990,EGO,6156,,0,CR2
18,2B,410,KZN,2990,LED,2948,,0,CR2
19,2B,410,KZN,2990,SVX,2975,,0,CR2
20,2B,410,LED,2948,KZN,2990,,0,CR2
21,2B,410,LED,2948,NBC,6969,,0,CR2
22,2B,410,LED,2948,UUA,6160,,0,CR2
23,2B,410,MRV,2962,ASF,2966,,0,CR2
24,2B,410,NBC,6969,DME,4029,,0,CR2
25,2B,410,NBC,6969,GYD,2922,,0,CR2
26,2B,410,NBC,6969,LED,2948,,0,CR2
27,2B,410,NBC,6969,SVX,2975,,0,CR2
28,2B,410,NJC,2972,SVX,2975,,0,CR2
29,2B,410,NJC,2972,UUA,6160,,0,CR2
30,2B,410,NUX,4364,SVX,2975,,0,CR2
31,2B,410,OVB,4078,CEK,2968,,0,CR2
32,2B,410,OVB,4078,SVX,2975,,0,CR2
33,2B,410,SVX,2975,KZN,2990,,0,CR2
34,2B,410,SVX,2975,NBC,6969,,0,CR2
35,2B,410,SVX,2975,NJC,2972,,0,CR2
36,2B,410,SVX,2975,NUX,4364,,0,CR2
37,2B,410,SVX,2975,OVB,4078,,0,CR2
38,2B,410,TGK,\N,DME,4029,,0,CR2
39,2B,410,UUA,6160,DME,4029,,0,CR2
40,2B,410,UUA,6160,LED,2948,,0,CR2
41,2B,410,UUA,6160,NJC,2972,,0,CR2
42,2G,1654,BTK,2936,IKT,2937,,0,A81
43,2G,1654,BTK,2936,OVB,4078,,0,A81
44,2G,1654,CEK,2968,OVB,4078,,0,A81
45,2G,1654,HTA,2935,IKT,2937,,0,AN4
46,2G,1654,IKT,2937,BTK,2936,,0,A81
47,2G,1654,IKT,2937,HTA,2935,,0,AN4
48,2G,1654,IKT,2937,KCK,\N,,0,AN4
49,2G,1654,IKT,2937,ODO,8944,,0,AN4
50,2G,1654,IKT,2937,OVB,4078,,0,A81
51,2G,1654,IKT,2937,UKX,6924,,0,AN4
52,2G,1654,IKT,2937,ULK,9026,,0,AN4
53,2G,1654,IKT,2937,YKS,2923,,0,A81
54,2G,1654,KCK,\N,IKT,2937,,0,AN4
55,2G,1654,MJZ,2925,OVB,4078,,0,A81
56,2G,1654,ODO,8944,IKT,2937,,0,AN4
57,2G,1654,OVB,4078,BTK,2936,,0,A81
58,2G,1654,OVB,4078,CEK,2968,,0,A81
59,2G,1654,OVB,4078,IKT,2937,,0,A81
60,2G,1654,UKX,6924,IKT,2937,,0,AN4
61,2G,1654,ULK,9026,IKT,2937,,0,AN4
62,2G,1654,YKS,2923,IKT,2937,,0,A81
63,2I,8359,AYP,2786,LIM,2789,,0,142
64,2I,8359,CUZ,2812,LIM,2789,,0,142 141
65,2I,8359,CUZ,2812,PEM,2808,,0,142
66,2I,8359,HUU,6067,LIM,2789,,0,141
67,2I,8359,IQT,2801,PCL,2781,,0,143
68,2I,8359,IQT,2801,TPP,2806,,0,142
69,2I,8359,LIM,2789,AYP,2786,,0,142
70,2I,8359,LIM,2789,CUZ,2812,,0,142 141
71,2I,8359,LIM,2789,HUU,6067,,0,141
72,2I,8359,LIM,2789,PCL,2781,,0,143 146
73,2I,8359,LIM,2789,TPP,2806,,0,142 146
74,2I,8359,PCL,2781,IQT,2801,,0,143
75,2I,8359,PCL,2781,LIM,2789,,0,143 146
76,2I,8359,PCL,2781,TPP,2806,,0,146
77,2I,8359,PEM,2808,CUZ,2812,,0,142
78,2I,8359,TPP,2806,IQT,2801,,0,142
79,2I,8359,TPP,2806,LIM,2789,,0,142 146
80,2I,8359,TPP,2806,PCL,2781,,0,146
81,2J,470,ABJ,253,BOY,247,,0,CRJ
82,2J,470,ABJ,253,OUA,246,,0,E70 CRJ M87
83,2J,470,ACC,248,OUA,246,,0,CRJ
84,2J,470,BKO,1044,ABJ,253,,0,M87
85,2J,470,BKO,1044,DKR,1084,,0,M87
86,2J,470,BKO,1044,OUA,246,,0,CRJ
87,2J,470,BOY,247,ABJ,253,,0,CRJ
88,2J,470,BOY,247,OUA,246,,0,CRJ
89,2J,470,COO,245,LFW,298,,0,M87
90,2J,470,COO,245,OUA,246,,0,M87
91,2J,470,DKR,1084,BKO,1044,,0,M87
92,2J,470,DKR,1084,OUA,246,,0,M87
93,2J,470,LFW,298,OUA,246,,0,M87 CRJ
94,2J,470,NIM,280,OUA,246,,0,CRJ
95,2J,470,OUA,246,ABJ,253,,0,E70 CRJ M87
96,2J,470,OUA,246,ACC,248,,0,CRJ
97,2J,470,OUA,246,BKO,1044,,0,M87 CRJ
98,2J,470,OUA,246,BOY,247,,0,CRJ
99,2J,470,OUA,246,COO,245,,0,M87
100,2J,470,OUA,246,DKR,1084,,0,M87
101,2J,470,OUA,246,LFW,298,,0,CRJ
102,2J,470,OUA,246,NIM,280,,0,CRJ
103,2K,1338,BOG,2709,GYE,2673,,0,319
104,2K,1338,BOG,2709,UIO,2688,,0,319 320
105,2K,1338,CLO,2715,GYE,2673,,0,319
106,2K,1338,GYE,2673,BOG,2709,,0,319
107,2K,1338,GYE,2673,CLO,2715,,0,319
108,2K,1338,GYE,2673,SCY,6045,,0,319 320
109,2K,1338,GYE,2673,UIO,2688,,0,320 319
110,2K,1338,OCC,2670,UIO,2688,,0,319
111,2K,1338,SCY,6045,GYE,2673,,0,319 320
112,2K,1338,UIO,2688,BOG,2709,,0,319 320
113,2K,1338,UIO,2688,GYE,2673,,0,319
114,2K,1338,UIO,2688,OCC,2670,,0,319
115,2L,2750,BDS,1506,ZRH,1678,,0,100
116,2L,2750,BOD,1264,ZRH,1678,,0,100
117,2L,2750,BRS,490,ZRH,1678,,0,100
118,2L,2750,GVA,1665,LPA,1054,,0,319
119,2L,2750,LCA,1197,ZRH,1678,,0,319
120,2L,2750,LPA,1054,ZRH,1678,,0,319
121,2L,2750,RMF,4197,ZRH,1678,,0,319
122,2L,2750,TFS,1056,GVA,1665,,0,319
123,2L,2750,ZRH,1678,BDS,1506,,0,100
124,2L,2750,ZRH,1678,BOD,1264,,0,100
125,2L,2750,ZRH,1678,BRS,490,,0,100
126,2L,2750,ZRH,1678,LCA,1197,,0,319
127,2L,2750,ZRH,1678,LPA,1054,,0,319
128,2L,2750,ZRH,1678,RMF,4197,,0,319
129,2N,3652,AJR,730,LYC,719,,0,ATP
130,2N,3652,ARN,737,GEV,715,,0,ATP
131,2N,3652,ARN,737,HAD,709,,0,SF3
132,2N,3652,ARN,737,JKG,688,,0,ATP SF3
133,2N,3652,ARN,737,KRF,718,,0,ATP
134,2N,3652,ARN,737,KSD,5595,,0,SF3
135,2N,3652,ARN,737,LYC,719,,0,ATP
136,2N,3652,ARN,737,MHQ,442,,0,SF3
137,2N,3652,ARN,737,OER,722,,0,ATR
138,2N,3652,ARN,737,POR,448,,0,SF3
139,2N,3652,ARN,737,TRF,664,,0,SF3
140,2N,3652,ARN,737,VBY,746,,0,SF3 ATP
141,2N,3652,ARN,737,VHM,729,,0,SF3
142,2N,3652,ARN,737,VXO,711,,0,SF3
143,2N,3652,GEV,715,ARN,737,,0,ATP
144,2N,3652,GEV,715,KRF,718,,0,ATP
145,2N,3652,HAD,709,ARN,737,,0,SF3 ATP
146,2N,3652,HAD,709,JKG,688,,0,ATP SF3
147,2N,3652,HAD,709,VXO,711,,0,SF3
148,2N,3652,HMV,5599,VHM,729,,0,SF3
149,2N,3652,JKG,688,ARN,737,,0,ATP SF3
150,2N,3652,JKG,688,HAD,709,,0,ATP SF3
151,2N,3652,KOK,435,POR,448,,0,SF3
152,2N,3652,KRF,718,ARN,737,,0,ATP
153,2N,3652,KRF,718,GEV,715,,0,ATP
154,2N,3652,KSD,5595,ARN,737,,0,SF3
155,2N,3652,LYC,719,AJR,730,,0,ATP
156,2N,3652,LYC,719,ARN,737,,0,ATP
157,2N,3652,MHQ,442,ARN,737,,0,SF3
158,2N,3652,MHQ,442,TKU,460,,0,SF3
159,2N,3652,OER,722,ARN,737,,0,ATR
160,2N,3652,OSL,644,VXO,711,,0,SF3
161,2N,3652,POR,448,ARN,737,,0,SF3
162,2N,3652,POR,448,KOK,435,,0,SF3
163,2N,3652,TKU,460,MHQ,442,,0,SF3
164,2N,3652,TRF,664,ARN,737,,0,SF3
165,2N,3652,VBY,746,ARN,737,,0,SF3 ATP
166,2N,3652,VHM,729,ARN,737,,0,SF3
167,2N,3652,VHM,729,HMV,5599,,0,SF3
168,2N,3652,VXO,711,ARN,737,,0,SF3
169,2N,3652,VXO,711,OSL,644,,0,SF3
170,2O,146,ADQ,3531,AOS,7167,,0,BNI
171,2O,146,ADQ,3531,KKB,7168,,0,BNI
172,2O,146,ADQ,3531,KLN,7162,,0,BNI
173,2O,146,ADQ,3531,KOZ,7164,,0,BNI
174,2O,146,ADQ,3531,OLH,7163,,0,BNI
175,2O,146,AOS,7167,KZB,7176,,0,BNI
176,2O,146,KKB,7168,SYB,7173,,0,BNI
177,2O,146,KLN,7162,KYK,7161,,0,BNI
178,2O,146,KOZ,7164,ORI,7165,,0,BNI
179,2O,146,SYB,7173,KPR,7172,,0,BNI
180,2P,897,BSO,6019,MNL,2397,,0,DH4
181,2P,897,BXU,4200,MNL,2397,,0,320
182,2P,897,CBO,2399,MNL,2397,,0,320
183,2P,897,CGY,2400,MNL,2397,,0,320
184,2P,897,CRM,6024,MNL,2397,,0,DH4
185,2P,897,DGT,2425,MNL,2397,,0,320
186,2P,897,DWC,8076,MNL,2397,,0,330
187,2P,897,GES,2402,MNL,2397,Y,0,320
188,2P,897,KLO,2430,MNL,2397,,0,320
189,2P,897,LGP,4203,MNL,2397,,0,320
190,2P,897,MNL,2397,BSO,6019,,0,DH4
191,2P,897,MNL,2397,BXU,4200,,0,320
192,2P,897,MNL,2397,CBO,2399,,0,320
193,2P,897,MNL,2397,CGY,2400,,0,320
194,2P,897,MNL,2397,CRM,6024,,0,DH4
195,2P,897,MNL,2397,DGT,2425,,0,320
196,2P,897,MNL,2397,DWC,8076,,0,330
197,2P,897,MNL,2397,GES,2402,Y,0,320
198,2P,897,MNL,2397,KLO,2430,,0,320
199,2P,897,MNL,2397,LGP,4203,,0,320
200,2P,897,MNL,2397,MPH,2426,,0,DH3
201,2P,897,MNL,2397,OZC,4204,,0,320
202,2P,897,MNL,2397,PPS,2433,,0,320
203,2P,897,MNL,2397,RXS,6026,,0,320
204,2P,897,MNL,2397,SUG,6016,,0,DH4
205,2P,897,MNL,2397,TUG,6021,,0,DH4
206,2P,897,MNL,2397,ZAM,2404,,0,320
207,2P,897,MPH,2426,MNL,2397,,0,DH3
208,2P,897,OZC,4204,MNL,2397,,0,320
209,2P,897,PPS,2433,MNL,2397,,0,320
210,2P,897,RXS,6026,MNL,2397,,0,320
211,2P,897,SUG,6016,MNL,2397,,0,DH4
212,2P,897,TUG,6021,MNL,2397,,0,DH4
213,2P,897,ZAM,2404,MNL,2397,,0,320
214,2Z,1729,AUX,7376,PMW,4214,,0,AT7
215,2Z,1729,BRA,7373,BSB,2531,,0,AT7
216,2Z,1729,BRA,7373,SSA,2621,,0,AT7
217,2Z,1729,BSB,2531,BRA,7373,,0,AT7
218,2Z,1729,BSB,2531,OPS,7367,,0,AT7
219,2Z,1729,BSB,2531,RAO,2613,,0,AT7
220,2Z,1729,CAC,2535,GRU,2564,,0,AT7
221,2Z,1729,CGB,2548,GYN,2562,,0,AT7
222,2Z,1729,CGB,2548,OPS,7367,,0,AT7
223,2Z,1729,CGR,2538,DOU,7380,,0,AT7
224,2Z,1729,DOU,7380,CGR,2538,,0,AT7
225,2Z,1729,DOU,7380,GRU,2564,,0,AT7
226,2Z,1729,GIG,2560,RAO,2613,,0,AT7
227,2Z,1729,GRU,2564,CAC,2535,,0,AT7
228,2Z,1729,GRU,2564,DOU,7380,,0,AT7
229,2Z,1729,GRU,2564,RAO,2613,,0,AT7
230,2Z,1729,GRU,2564,UBA,2635,,0,AT7
231,2Z,1729,GRU,2564,UDI,2633,,0,AT7
232,2Z,1729,GRU,2564,VDC,6039,,0,AT7
233,2Z,1729,GYN,2562,CGB,2548,,0,AT7
234,2Z,1729,GYN,2562,PMW,4214,,0,AT7
235,2Z,1729,GYN,2562,RAO,2613,,0,AT7
236,2Z,1729,GYN,2562,UDI,2633,,0,AT7
237,2Z,1729,OPS,7367,BSB,2531,,0,AT7
238,2Z,1729,OPS,7367,CGB,2548,,0,AT7
239,2Z,1729,PLU,2528,RAO,2613,,0,AT7
240,2Z,1729,PMW,4214,AUX,7376,,0,AT7
241,2Z,1729,PMW,4214,GYN,2562,,0,AT7
242,2Z,1729,RAO,2613,BSB,2531,,0,AT7
243,2Z,1729,RAO,2613,GIG,2560,,0,AT7
244,2Z,1729,RAO,2613,GRU,2564,,0,AT7
245,2Z,1729,RAO,2613,GYN,2562,,0,AT7
246,2Z,1729,RAO,2613,PLU,2528,,0,AT7
247,2Z,1729,RAO,2613,SJP,2619,,0,AT7
248,2Z,1729,RAO,2613,UDI,2633,,0,AT7
249,2Z,1729,SJP,2619,RAO,2613,,0,AT7
250,2Z,1729,SSA,2621,BRA,7373,,0,AT7
251,2Z,1729,SSA,2621,VDC,6039,,0,AT7
252,2Z,1729,UBA,2635,GRU,2564,,0,AT7
253,2Z,1729,UBA,2635,UDI,2633,,0,AT7
254,2Z,1729,UDI,2633,GRU,2564,,0,AT7
255,2Z,1729,UDI,2633,GYN,2562,,0,AT7
256,2Z,1729,UDI,2633,RAO,2613,,0,AT7
257,2Z,1729,UDI,2633,UBA,2635,,0,AT7
258,2Z,1729,VDC,6039,GRU,2564,,0,AT7
259,2Z,1729,VDC,6039,SSA,2621,,0,AT7
260,3E,10739,BRL,5726,ORD,3830,,0,CNC
261,3E,10739,BRL,5726,STL,3678,,0,CNC
262,3E,10739,DEC,4042,ORD,3830,,0,CNC
263,3E,10739,DEC,4042,STL,3678,,0,CNC
264,3E,10739,JBR,3591,STL,3678,,0,CNC
265,3E,10739,ORD,3830,BRL,5726,,0,CNC
266,3E,10739,ORD,3830,DEC,4042,,0,CNC
267,3E,10739,STL,3678,BRL,5726,,0,CNC
268,3E,10739,STL,3678,DEC,4042,,0,CNC
269,3E,10739,STL,3678,JBR,3591,,0,CNC
270,3F,16262,CGA,7144,HYL,7145,,0,DHP
271,3F,16262,CGA,7144,KTN,3808,,0,DHP
272,3F,16262,HYL,7145,CGA,7144,,0,DHP
273,3F,16262,HYL,7145,KTB,7147,,0,DHP
274,3F,16262,HYL,7145,KTN,3808,,0,DHP
275,3F,16262,KTB,7147,HYL,7145,,0,DHP
276,3F,16262,KTB,7147,KTN,3808,,0,DHP
277,3F,16262,KTN,3808,CGA,7144,,0,DHP
278,3F,16262,KTN,3808,HYL,7145,,0,DHP
279,3F,16262,KTN,3808,KTB,7147,,0,DHP
280,3F,16262,KTN,3808,MTM,7146,,0,DHP
281,3F,16262,MTM,7146,KTN,3808,,0,DHP
282,3G,595,ACC,248,DKR,1084,,0,319
283,3G,595,ACC,248,LOS,273,,0,319
284,3G,595,ACC,248,ROB,1063,,0,319
285,3G,595,BCN,1218,BJL,1050,,0,319
286,3G,595,BJL,1050,BCN,1218,,0,319
287,3G,595,BJL,1050,DKR,1084,,0,319
288,3G,595,BJL,1050,FNA,1059,,0,319
289,3G,595,CKY,4162,OXB,5665,,0,319
290,3G,595,DKR,1084,ACC,248,,0,319
291,3G,595,DKR,1084,BJL,1050,,0,319
292,3G,595,DKR,1084,DLA,897,,0,319
293,3G,595,DKR,1084,FNA,1059,,0,319
294,3G,595,DKR,1084,LOS,273,,0,319
295,3G,595,DKR,1084,OXB,5665,,0,319
296,3G,595,DLA,897,DKR,1084,,0,319
297,3G,595,DLA,897,LOS,273,,0,319
298,3G,595,FNA,1059,BJL,1050,,0,319
299,3G,595,FNA,1059,DKR,1084,,0,319
300,3G,595,FNA,1059,LGW,502,,0,319
301,3G,595,FNA,1059,ROB,1063,,0,319
302,3G,595,LGW,502,FNA,1059,,0,319
303,3G,595,LOS,273,ACC,248,,0,319
304,3G,595,LOS,273,DKR,1084,,0,319
305,3G,595,LOS,273,DLA,897,,0,319
306,3G,595,LOS,273,ROB,1063,,0,319
307,3G,595,OXB,5665,CKY,4162,,0,319
308,3G,595,OXB,5665,DKR,1084,,0,319
309,3G,595,ROB,1063,ACC,248,,0,319
310,3G,595,ROB,1063,FNA,1059,,0,319
311,3G,595,ROB,1063,LOS,273,,0,319
312,3H,\N,AKV,5506,YIK,5504,,0,DH8
313,3H,\N,AKV,5506,YPX,6727,,0,DH8
314,3H,\N,XGR,5512,YVP,154,,0,DHT BET
315,3H,\N,YGL,62,YGW,5496,,0,DHT
316,3H,\N,YGL,62,YPX,6727,,0,73M
317,3H,\N,YGL,62,YUL,146,,0,73M
318,3H,\N,YGW,5496,YGL,62,,0,DHT
319,3H,\N,YGW,5496,YPH,5520,,0,BET
320,3H,\N,YGW,5496,YSK,5529,,0,DH8
321,3H,\N,YGW,5496,YUD,5515,,0,DH8
322,3H,\N,YGW,5496,YUL,146,,0,DH8
323,3H,\N,YGW,5496,YUY,149,,0,DH8
324,3H,\N,YIK,5504,AKV,5506,,0,DH8
325,3H,\N,YIK,5504,YZG,5535,,0,DH8
326,3H,\N,YKG,5481,YPJ,5508,,0,DHT DH8
327,3H,\N,YKG,5481,YQC,5499,,0,DH8
328,3H,\N,YKG,5481,YVP,154,,0,DH8 DHT
329,3H,\N,YKL,80,YQB,111,,0,DH8
330,3H,\N,YKL,80,YVP,154,,0,DH8 BET
331,3H,\N,YKL,80,YWK,161,,0,BET
332,3H,\N,YKL,80,YZV,202,,0,BET DH8
333,3H,\N,YPH,5520,YPX,6727,,0,DH8 BET
334,3H,\N,YPH,5520,YUD,5515,,0,DH8
335,3H,\N,YPH,5520,YVP,154,,0,BET
336,3H,\N,YPJ,5508,YKG,5481,,0,DHT DH8
337,3H,\N,YPJ,5508,YTQ,6728,,0,DHT DH8
338,3H,\N,YPJ,5508,YVP,154,,0,DHT
339,3H,\N,YPX,6727,AKV,5506,,0,DH8
340,3H,\N,YPX,6727,YGL,62,,0,73M
341,3H,\N,YPX,6727,YPH,5520,,0,DH8
342,3H,\N,YPX,6727,YVP,154,,0,BET
343,3H,\N,YQB,111,YKL,80,,0,DH8
344,3H,\N,YQB,111,YUL,146,,0,DH8
345,3H,\N,YQC,5499,YKG,5481,,0,DH8
346,3H,\N,YQC,5499,YWB,7253,,0,DH8
347,3H,\N,YSK,5529,YGW,5496,,0,DH8
348,3H,\N,YSK,5529,YUD,5515,,0,DH8
349,3H,\N,YTQ,6728,YPJ,5508,,0,DHT DH8
350,3H,\N,YTQ,6728,YVP,154,,0,DHT DH8
351,3H,\N,YUD,5515,YGW,5496,,0,DH8
352,3H,\N,YUD,5515,YPH,5520,,0,DH8
353,3H,\N,YUD,5515,YSK,5529,,0,DH8
354,3H,\N,YUL,146,YGL,62,,0,73M
355,3H,\N,YUL,146,YGW,5496,,0,DH8
356,3H,\N,YUL,146,YQB,111,,0,DH8
357,3H,\N,YUL,146,YUY,149,,0,DH8
358,3H,\N,YUY,149,YGW,5496,,0,DH8
359,3H,\N,YUY,149,YUL,146,,0,DH8
360,3H,\N,YVP,154,XGR,5512,,0,DHT BET
361,3H,\N,YVP,154,YGW,5496,,0,BET
362,3H,\N,YVP,154,YKG,5481,,0,DH8
363,3H,\N,YVP,154,YKL,80,,0,DH8 BET
364,3H,\N,YVP,154,YPH,5520,,0,BET
365,3H,\N,YVP,154,YPJ,5508,,0,DHT
366,3H,\N,YVP,154,YPX,6727,,0,BET
367,3H,\N,YVP,154,YTQ,6728,,0,DHT DH8
368,3H,\N,YWB,7253,YQC,5499,,0,DH8
369,3H,\N,YWB,7253,YZG,5535,,0,DH8
370,3H,\N,YWK,161,YKL,80,,0,BET
371,3H,\N,YWK,161,YZV,202,,0,BET
372,3H,\N,YZG,5535,YIK,5504,,0,DH8
373,3H,\N,YZG,5535,YWB,7253,,0,DH8
374,3H,\N,YZV,202,YKL,80,,0,BET DH8
375,3H,\N,YZV,202,YWK,161,,0,BET
376,3J,5521,JIB,4119,DXB,2188,,0,737
377,3J,5521,JIB,4119,JED,2072,,0,737
378,3J,5521,JIB,4119,MGQ,5687,,0,737
379,3J,5521,MGQ,5687,NBO,4059,,0,737
380,3J,5521,NBO,4059,MGQ,5687,,0,737
381,3K,3021,BKK,3885,SIN,3316,,0,320
382,3K,3021,DRW,3999,SIN,3316,,0,320
383,3K,3021,HAK,4120,SIN,3316,,0,320
384,3K,3021,HGH,3386,SIN,3316,,0,320
385,3K,3021,HKG,3077,SIN,3316,,0,320
386,3K,3021,HKT,3179,SIN,3316,,0,320
387,3K,3021,KIX,3992,MNL,2397,,0,320
388,3K,3021,KIX,3992,TPE,2276,,0,320
389,3K,3021,KUL,3304,SIN,3316,,0,320
390,3K,3021,MNL,2397,KIX,3992,,0,320
391,3K,3021,MNL,2397,SIN,3316,,0,320
392,3K,3021,PEN,3308,SIN,3316,,0,320
393,3K,3021,PER,3351,SIN,3316,,0,320
394,3K,3021,PNH,3034,SIN,3316,,0,320
395,3K,3021,REP,3035,SIN,3316,,0,320
396,3K,3021,RGN,3239,SIN,3316,,0,320
397,3K,3021,SGN,3205,SIN,3316,,0,320
398,3K,3021,SIN,3316,BKK,3885,,0,320
399,3K,3021,SIN,3316,DRW,3999,,0,320
400,3K,3021,SIN,3316,HAK,4120,,0,320
401,3K,3021,SIN,3316,HGH,3386,,0,320
402,3K,3021,SIN,3316,HKG,3077,,0,320
403,3K,3021,SIN,3316,HKT,3179,,0,320
404,3K,3021,SIN,3316,KUL,3304,,0,320
405,3K,3021,SIN,3316,MNL,2397,,0,320
406,3K,3021,SIN,3316,PEN,3308,,0,320
407,3K,3021,SIN,3316,PER,3351,,0,320
408,3K,3021,SIN,3316,PNH,3034,,0,320
409,3K,3021,SIN,3316,REP,3035,,0,320
410,3K,3021,SIN,3316,RGN,3239,,0,320
411,3K,3021,SIN,3316,SGN,3205,,0,320
412,3K,3021,SIN,3316,SWA,4302,,0,320
413,3K,3021,SIN,3316,TPE,2276,,0,320
414,3K,3021,SWA,4302,SIN,3316,,0,320
415,3K,3021,TPE,2276,KIX,3992,,0,320
416,3K,3021,TPE,2276,SIN,3316,,0,320
417,3L,2916,ACH,1679,EBA,1558,,0,DH3
418,3L,2916,DRS,338,ZRH,1678,,0,DH3
419,3L,2916,DUS,345,FDH,382,,0,DH3
420,3L,2916,EBA,1558,ACH,1679,,0,DH3
421,3L,2916,EBA,1558,FDH,382,,0,DH3
422,3L,2916,EBA,1558,MUC,346,,0,DH3
423,3L,2916,EBA,1558,ZRH,1678,,0,DH3
424,3L,2916,FDH,382,DUS,345,,0,DH3
425,3L,2916,FDH,382,EBA,1558,,0,DH3
426,3L,2916,FDH,382,HAM,342,,0,AT7
427,3L,2916,FDH,382,OLB,1520,,0,AT7
428,3L,2916,FDH,382,TXL,351,,0,AT7
429,3L,2916,FDH,382,ZAD,1209,,0,AT7
430,3L,2916,FMM,3986,NAP,1561,,0,AT7
431,3L,2916,GRZ,1609,ZRH,1678,,0,DH3
432,3L,2916,HAM,342,FDH,382,,0,AT7
433,3L,2916,MUC,346,EBA,1558,,0,DH3
434,3L,2916,NAP,1561,FMM,3986,,0,AT7
435,3L,2916,OLB,1520,FDH,382,,0,AT7
436,3L,2916,SZG,1612,ZRH,1678,,0,DH3
437,3L,2916,TXL,351,FDH,382,,0,AT7
438,3L,2916,ZAD,1209,FDH,382,,0,AT7
439,3L,2916,ZRH,1678,DRS,338,,0,DH3
440,3L,2916,ZRH,1678,EBA,1558,,0,DH3
441,3L,2916,ZRH,1678,GRZ,1609,,0,DH3
442,3L,2916,ZRH,1678,SZG,1612,,0,DH3
443,3M,20710,ATL,3682,LWB,6958,,0,SF3
444,3M,20710,ATL,3682,MCN,3754,,0,SF3
445,3M,20710,ATL,3682,MEI,4335,,0,SF3
446,3M,20710,ATL,3682,MSL,5756,,0,SF3
447,3M,20710,ATL,3682,PIB,5759,,0,SF3
448,3M,20710,ATL,3682,TUP,5773,,0,SF3
449,3M,20710,BIM,1937,FLL,3533,,0,SF3
450,3M,20710,ELH,1943,FLL,3533,,0,SF3
451,3M,20710,ELH,1943,PBI,3722,,0,SF3
452,3M,20710,EYW,3875,FLL,3533,,0,SF3
453,3M,20710,EYW,3875,RSW,3793,,0,SF3
454,3M,20710,EYW,3875,TPA,3646,,0,SF3
455,3M,20710,FLL,3533,BIM,1937,,0,SF3
456,3M,20710,FLL,3533,ELH,1943,,0,SF3
457,3M,20710,FLL,3533,EYW,3875,,0,SF3
458,3M,20710,FLL,3533,FPO,1948,,0,SF3
459,3M,20710,FLL,3533,GGT,1941,,0,SF3
460,3M,20710,FLL,3533,GHB,1944,,0,SF3
461,3M,20710,FLL,3533,MCO,3878,,0,SF3
462,3M,20710,FLL,3533,MHH,1930,,0,SF3
463,3M,20710,FLL,3533,TCB,1934,,0,SF3
464,3M,20710,FLL,3533,TPA,3646,,0,SF3
465,3M,20710,FPO,1948,FLL,3533,,0,SF3
466,3M,20710,GGT,1941,FLL,3533,,0,SF3
467,3M,20710,GGT,1941,GHB,1944,,0,SF3
468,3M,20710,GHB,1944,FLL,3533,,0,SF3
469,3M,20710,GLH,6130,TUP,5773,,0,SF3
470,3M,20710,GNV,3472,MCO,3878,,0,SF3
471,3M,20710,GNV,3472,TPA,3646,,0,SF3
472,3M,20710,JAX,3712,MHH,1930,,0,SF3
473,3M,20710,JAX,3712,TPA,3646,,0,SF3
474,3M,20710,LWB,6958,ATL,3682,,0,SF3
475,3M,20710,MCN,3754,ATL,3682,,0,SF3
476,3M,20710,MCN,3754,MCO,3878,,0,SF3
477,3M,20710,MCO,3878,FLL,3533,,0,SF3
478,3M,20710,MCO,3878,GNV,3472,,0,SF3
479,3M,20710,MCO,3878,MCN,3754,,0,SF3
480,3M,20710,MCO,3878,MHH,1930,,0,SF3
481,3M,20710,MCO,3878,PNS,3564,,0,SF3
482,3M,20710,MCO,3878,RSW,3793,,0,SF3
483,3M,20710,MCO,3878,TLH,3698,,0,SF3
484,3M,20710,MEI,4335,ATL,3682,,0,SF3
485,3M,20710,MHH,1930,FLL,3533,,0,SF3
486,3M,20710,MHH,1930,JAX,3712,,0,SF3
487,3M,20710,MHH,1930,MCO,3878,,0,SF3
488,3M,20710,MHH,1930,PBI,3722,,0,SF3
489,3M,20710,MSL,5756,ATL,3682,,0,SF3
490,3M,20710,PBI,3722,ELH,1943,,0,SF3
491,3M,20710,PBI,3722,MHH,1930,,0,SF3
492,3M,20710,PBI,3722,TPA,3646,,0,SF3
493,3M,20710,PIB,5759,ATL,3682,,0,SF3 
494,3M,20710,PNS,3564,MCO,3878,,0,SF3
495,3M,20710,PNS,3564,TPA,3646,,0,SF3
496,3M,20710,RSW,3793,EYW,3875,,0,SF3
497,3M,20710,RSW,3793,MCO,3878,,0,SF3
498,3M,20710,TCB,1934,FLL,3533,,0,SF3
499,3M,20710,TLH,3698,MCO,3878,,0,SF3
500,3M,20710,TLH,3698,TPA,3646,,0,SF3
501,3M,20710,TPA,3646,EYW,3875,,0,SF3
502,3M,20710,TPA,3646,FLL,3533,,0,SF3
503,3M,20710,TPA,3646,GNV,3472,,0,SF3
504,3M,20710,TPA,3646,JAX,3712,,0,SF3
505,3M,20710,TPA,3646,PBI,3722,,0,SF3
506,3M,20710,TPA,3646,PNS,3564,,0,SF3
507,3M,20710,TPA,3646,TLH,3698,,0,SF3
508,3M,20710,TUP,5773,ATL,3682,,0,SF3 
509,3M,20710,TUP,5773,GLH,6130,,0,SF3
510,3O,9818,AMS,580,NDR,5673,,0,320
511,3O,9818,AMS,580,TNG,1080,,0,320
512,3O,9818,BCN,1218,CMN,1074,,0,320
513,3O,9818,BCN,1218,NDR,5673,,0,320
514,3O,9818,BCN,1218,TNG,1080,,0,320
515,3O,9818,BGY,1525,CMN,1074,,0,320
516,3O,9818,BLQ,1538,CMN,1074,,0,320
517,3O,9818,BRU,302,CMN,1074,,0,320
518,3O,9818,BRU,302,NDR,5673,,0,320
519,3O,9818,BRU,302,TNG,1080,,0,320
520,3O,9818,CGN,344,NDR,5673,,0,320
521,3O,9818,CMN,1074,BCN,1218,,0,320
522,3O,9818,CMN,1074,BGY,1525,,0,320
523,3O,9818,CMN,1074,BLQ,1538,,0,320
524,3O,9818,CMN,1074,BRU,302,,0,320
525,3O,9818,CMN,1074,CUF,1534,,0,320
526,3O,9818,CMN,1074,LGW,502,,0,320
527,3O,9818,CMN,1074,LYS,1335,,0,320
528,3O,9818,CMN,1074,MPL,1359,,0,320
529,3O,9818,CMN,1074,SAW,4317,,0,320
530,3O,9818,CMN,1074,TLS,1273,,0,320
531,3O,9818,CMN,1074,TSF,1539,,0,320
532,3O,9818,CUF,1534,CMN,1074,,0,320
533,3O,9818,FEZ,1066,MPL,1359,,0,320
534,3O,9818,LGW,502,CMN,1074,,0,320
535,3O,9818,LGW,502,TNG,1080,,0,320
536,3O,9818,LYS,1335,CMN,1074,,0,320
537,3O,9818,MPL,1359,CMN,1074,,0,320
538,3O,9818,MPL,1359,FEZ,1066,,0,320
539,3O,9818,MPL,1359,NDR,5673,,0,320
540,3O,9818,NDR,5673,AMS,580,,0,320
541,3O,9818,NDR,5673,BCN,1218,,0,320
542,3O,9818,NDR,5673,BRU,302,,0,320
543,3O,9818,NDR,5673,CGN,344,,0,320
544,3O,9818,NDR,5673,MPL,1359,,0,320
545,3O,9818,NDR,5673,PMI,3998,,0,320
546,3O,9818,PMI,3998,NDR,5673,,0,320
547,3O,9818,SAW,4317,CMN,1074,,0,320
548,3O,9818,TLS,1273,CMN,1074,,0,320
549,3O,9818,TNG,1080,AMS,580,,0,320
550,3O,9818,TNG,1080,BCN,1218,,0,320
551,3O,9818,TNG,1080,BRU,302,,0,320
552,3O,9818,TNG,1080,LGW,502,,0,320
553,3O,9818,TSF,1539,CMN,1074,,0,320
554,3P,5002,AUA,2895,LSP,2844,,0,SH6
555,3P,5002,AUA,2895,MAR,2848,,0,SH6
556,3P,5002,BON,2896,CUR,2897,,0,SH6
557,3P,5002,CUR,2897,AUA,2895,,0,SH6
558,3P,5002,LSP,2844,AUA,2895,,0,SH6
559,3P,5002,MAR,2848,AUA,2895,,0,SH6
560,3R,3545,ASF,2966,DME,4029,,0,SU9
561,3R,3545,ASF,2966,LED,2948,,0,SU9
562,3R,3545,BHK,2980,DME,4029,,0,734
563,3R,3545,DME,4029,ASF,2966,,0,SU9
564,3R,3545,DME,4029,BHK,2980,,0,734
565,3R,3545,DME,4029,EGO,6156,,0,SU9
566,3R,3545,DME,4029,FEG,6149,,0,734
567,3R,3545,DME,4029,KSQ,6153,,0,734
568,3R,3545,DME,4029,NMA,6150,,0,734
569,3R,3545,DME,4029,NVI,6485,,0,734
570,3R,3545,DME,4029,SKD,2981,,0,734
571,3R,3545,DME,4029,TIV,1743,,0,SU9 73G
572,3R,3545,EGO,6156,DME,4029,,0,SU9
573,3R,3545,FEG,6149,DME,4029,,0,734
574,3R,3545,KSQ,6153,DME,4029,,0,734
575,3R,3545,LED,2948,ASF,2966,,0,SU9
576,3R,3545,NMA,6150,DME,4029,,0,734
577,3R,3545,NVI,6485,DME,4029,,0,734
578,3R,3545,SKD,2981,DME,4029,,0,734
579,3R,3545,TIV,1743,DME,4029,,0,SU9 73G
580,3S,11741,ANU,2874,PTP,2881,,0,AT5
581,3S,11741,CAY,2774,FDF,2878,,0,320
582,3S,11741,CUR,2897,SDQ,1762,,0,AT5
583,3S,11741,DOM,2877,PTP,2881,,0,AT5
584,3S,11741,DOM,2877,SXM,2899,,0,AT5
585,3S,11741,FDF,2878,CAY,2774,,0,320
586,3S,11741,FDF,2878,PTP,2881,,0,AT5 320
587,3S,11741,FDF,2878,SDQ,1762,,0,AT5
588,3S,11741,FDF,2878,SLU,2893,,0,AT5
589,3S,11741,PTP,2881,ANU,2874,,0,AT5
590,3S,11741,PTP,2881,DOM,2877,,0,AT5
591,3S,11741,PTP,2881,FDF,2878,,0,AT5 320
592,3S,11741,PTP,2881,SBH,6460,,0,DHT
593,3S,11741,PTP,2881,SDQ,1762,,0,AT5
594,3S,11741,PTP,2881,SFG,2879,,0,AT5
595,3S,11741,PTP,2881,SXM,2899,,0,AT5
596,3S,11741,SBH,6460,PTP,2881,,0,DHT
597,3S,11741,SDQ,1762,PTP,2881,,0,AT5
598,3S,11741,SDQ,1762,SXM,2899,,0,AT5
599,3S,11741,SFG,2879,PTP,2881,,0,AT5
600,3S,11741,SLU,2893,FDF,2878,,0,AT5
601,3S,11741,SXM,2899,DOM,2877,,0,AT5
602,3S,11741,SXM,2899,PTP,2881,,0,AT5
603,3S,11741,SXM,2899,SDQ,1762,,0,AT5
604,3U,4608,BHY,6351,XIY,3379,,0,321
605,3U,4608,CAN,3370,CKG,3393,,0,321 320
606,3U,4608,CAN,3370,CTU,3395,,0,321 320 330
607,3U,4608,CAN,3370,SPN,2244,,0,330
608,3U,4608,CGO,3375,CGQ,4380,,0,321
609,3U,4608,CGO,3375,CKG,3393,,0,321
610,3U,4608,CGO,3375,CTU,3395,,0,321
611,3U,4608,CGO,3375,HGH,3386,,0,320
612,3U,4608,CGO,3375,HRB,3400,,0,320
613,3U,4608,CGO,3375,KMG,3382,,0,320
614,3U,4608,CGO,3375,URC,3399,,0,320
615,3U,4608,CGQ,4380,CGO,3375,,0,321
616,3U,4608,CGQ,4380,NKG,3388,,0,320
617,3U,4608,CGQ,4380,TNA,4108,,0,321
618,3U,4608,CGQ,4380,TSN,3368,,0,320 319
619,3U,4608,CKG,3393,CAN,3370,,0,321 320
620,3U,4608,CKG,3393,CGO,3375,,0,321
621,3U,4608,CKG,3393,CSX,3371,,0,319 321
622,3U,4608,CKG,3393,CTU,3395,,0,330
623,3U,4608,CKG,3393,CZX,4109,,0,320
624,3U,4608,CKG,3393,DLC,3404,,0,320
625,3U,4608,CKG,3393,DYG,6353,,0,320
626,3U,4608,CKG,3393,HAK,4120,,0,319
627,3U,4608,CKG,3393,HGH,3386,,0,320 319
628,3U,4608,CKG,3393,HKT,3179,,0,321
629,3U,4608,CKG,3393,INC,4085,,0,321
630,3U,4608,CKG,3393,KHN,3384,,0,319
631,3U,4608,CKG,3393,KMG,3382,,0,319 320
632,3U,4608,CKG,3393,LHW,3378,,0,319 321
633,3U,4608,CKG,3393,LJG,4033,,0,319
634,3U,4608,CKG,3393,LXA,4097,,0,319
635,3U,4608,CKG,3393,NGB,3387,,0,319
636,3U,4608,CKG,3393,NKG,3388,,0,319
637,3U,4608,CKG,3393,NNG,3373,,0,319
638,3U,4608,CKG,3393,PEK,3364,,0,321 319 320
639,3U,4608,CKG,3393,PVG,3406,,0,320 319
640,3U,4608,CKG,3393,PZI,6435,,0,319
641,3U,4608,CKG,3393,SWA,4302,,0,319
642,3U,4608,CKG,3393,SYD,3361,,0,330
643,3U,4608,CKG,3393,SYX,4030,,0,320
644,3U,4608,CKG,3393,SZX,3374,,0,320
645,3U,4608,CKG,3393,TNA,4108,,0,321
646,3U,4608,CKG,3393,TSA,2275,,0,320
647,3U,4608,CKG,3393,TSN,3368,,0,319
648,3U,4608,CKG,3393,TYN,3369,,0,321
649,3U,4608,CKG,3393,URC,3399,,0,320
650,3U,4608,CKG,3393,WUH,3376,,0,319
651,3U,4608,CKG,3393,WUX,6390,,0,319
652,3U,4608,CKG,3393,XIY,3379,,0,319
653,3U,4608,CKG,3393,XNN,6366,,0,320
654,3U,4608,CKG,3393,YIH,6361,,0,319
655,3U,4608,CKG,3393,ZHA,6357,,0,319
656,3U,4608,CSX,3371,CKG,3393,,0,319 321
657,3U,4608,CSX,3371,CTU,3395,,0,320
658,3U,4608,CSX,3371,FOC,3385,,0,320
659,3U,4608,CSX,3371,KMG,3382,,0,320
660,3U,4608,CSX,3371,SHE,4144,,0,320
661,3U,4608,CSX,3371,WNZ,6392,,0,319
662,3U,4608,CSX,3371,XMN,3383,,0,321
663,3U,4608,CTU,3395,CAN,3370,,0,321 320 330
664,3U,4608,CTU,3395,CGO,3375,,0,321
665,3U,4608,CTU,3395,CKG,3393,,0,330
666,3U,4608,CTU,3395,CSX,3371,,0,320
667,3U,4608,CTU,3395,DCY,9310,,0,319
668,3U,4608,CTU,3395,DSN,6434,,0,319
669,3U,4608,CTU,3395,HAK,4120,,0,321
670,3U,4608,CTU,3395,HDG,8407,,0,319
671,3U,4608,CTU,3395,HET,6345,,0,320
672,3U,4608,CTU,3395,HFE,3389,,0,321
673,3U,4608,CTU,3395,HGH,3386,,0,320 319
674,3U,4608,CTU,3395,HKG,3077,,0,320
675,3U,4608,CTU,3395,HKT,3179,,0,321
676,3U,4608,CTU,3395,ICN,3930,,0,321
677,3U,4608,CTU,3395,INC,4085,,0,321
678,3U,4608,CTU,3395,JHG,3381,,0,319
679,3U,4608,CTU,3395,JIQ,8781,,0,320
680,3U,4608,CTU,3395,JZH,4301,,0,319
681,3U,4608,CTU,3395,KHN,3384,,0,321
682,3U,4608,CTU,3395,KMG,3382,,0,320
683,3U,4608,CTU,3395,KOW,6379,,0,320
684,3U,4608,CTU,3395,KWE,3394,,0,320
685,3U,4608,CTU,3395,LHW,3378,,0,319
686,3U,4608,CTU,3395,LJG,4033,,0,319
687,3U,4608,CTU,3395,LUM,6376,,0,319
688,3U,4608,CTU,3395,LXA,4097,,0,330 319
689,3U,4608,CTU,3395,LZY,6402,,0,319
690,3U,4608,CTU,3395,MEL,3339,,0,330
691,3U,4608,CTU,3395,NKG,3388,,0,319 320
692,3U,4608,CTU,3395,NNG,3373,,0,319 320
693,3U,4608,CTU,3395,PEK,3364,,0,330 321 320
694,3U,4608,CTU,3395,PVG,3406,,0,321 330
695,3U,4608,CTU,3395,PZI,6435,,0,319
696,3U,4608,CTU,3395,SHE,4144,,0,330
697,3U,4608,CTU,3395,SJW,6347,,0,320
698,3U,4608,CTU,3395,SYX,4030,,0,321
699,3U,4608,CTU,3395,SZX,3374,,0,320 321
700,3U,4608,CTU,3395,TAO,3390,,0,321
701,3U,4608,CTU,3395,TNA,4108,,0,321
702,3U,4608,CTU,3395,TSA,2275,,0,320
703,3U,4608,CTU,3395,TSN,3368,,0,321
704,3U,4608,CTU,3395,TYN,3369,,0,319
705,3U,4608,CTU,3395,URC,3399,,0,319 330
706,3U,4608,CTU,3395,WNZ,6392,,0,320
707,3U,4608,CTU,3395,WUH,3376,,0,319
708,3U,4608,CTU,3395,WUX,6390,,0,320
709,3U,4608,CTU,3395,WXN,6403,,0,319
710,3U,4608,CTU,3395,XIC,3396,,0,320
711,3U,4608,CTU,3395,XIY,3379,,0,320 319
712,3U,4608,CTU,3395,XMN,3383,,0,320
713,3U,4608,CTU,3395,XNN,6366,,0,320
714,3U,4608,CTU,3395,XUZ,4149,,0,320
715,3U,4608,CTU,3395,YIH,6361,,0,320
716,3U,4608,CTU,3395,YTY,8876,,0,319
717,3U,4608,CZX,4109,CKG,3393,,0,320
718,3U,4608,CZX,4109,HRB,3400,,0,321
719,3U,4608,CZX,4109,XMN,3383,,0,321
720,3U,4608,CZX,4109,ZUH,6355,,0,320
721,3U,4608,DAT,6344,TYN,3369,,0,319
722,3U,4608,DCY,9310,CTU,3395,,0,319
723,3U,4608,DLC,3404,CKG,3393,,0,320
724,3U,4608,DLC,3404,HGH,3386,,0,320
725,3U,4608,DLC,3404,HRB,3400,,0,320
726,3U,4608,DLC,3404,TNA,4108,,0,321
727,3U,4608,DLC,3404,XUZ,4149,,0,320
728,3U,4608,DNH,4308,LHW,3378,,0,319
729,3U,4608,DSN,6434,CTU,3395,,0,319
730,3U,4608,DSN,6434,SHE,4144,,0,319
731,3U,4608,DYG,6353,CKG,3393,,0,320
732,3U,4608,DYG,6353,NKG,3388,,0,319
733,3U,4608,FOC,3385,CSX,3371,,0,320
734,3U,4608,FOC,3385,XIY,3379,,0,319
735,3U,4608,GXH,9311,LXA,4097,,0,319
736,3U,4608,GXH,9311,XIY,3379,,0,319
737,3U,4608,HAK,4120,CKG,3393,,0,319
738,3U,4608,HAK,4120,CTU,3395,,0,321
739,3U,4608,HAK,4120,HGH,3386,,0,320
740,3U,4608,HAK,4120,NGB,3387,,0,321
741,3U,4608,HAK,4120,ZUH,6355,,0,320
742,3U,4608,HDG,8407,CTU,3395,,0,319
743,3U,4608,HET,6345,CTU,3395,,0,320
744,3U,4608,HFE,3389,CTU,3395,,0,321
745,3U,4608,HGH,3386,CGO,3375,,0,320
746,3U,4608,HGH,3386,CKG,3393,,0,320 319
747,3U,4608,HGH,3386,CTU,3395,,0,319 320
748,3U,4608,HGH,3386,DLC,3404,,0,320
749,3U,4608,HGH,3386,HAK,4120,,0,320
750,3U,4608,HGH,3386,KWE,3394,,0,320
751,3U,4608,HGH,3386,TSN,3368,,0,320
752,3U,4608,HGH,3386,TYN,3369,,0,320
753,3U,4608,HKG,3077,CTU,3395,,0,320
754,3U,4608,HKG,3077,YIH,6361,,0,320
755,3U,4608,HKG,3077,ZHA,6357,,0,319
756,3U,4608,HKT,3179,CKG,3393,,0,321
757,3U,4608,HKT,3179,CTU,3395,,0,321
758,3U,4608,HRB,3400,CGO,3375,,0,320
759,3U,4608,HRB,3400,CZX,4109,,0,321
760,3U,4608,HRB,3400,DLC,3404,,0,320
761,3U,4608,HRB,3400,INC,4085,,0,321
762,3U,4608,HRB,3400,NGB,3387,,0,321
763,3U,4608,HRB,3400,NKG,3388,,0,319
764,3U,4608,HRB,3400,NZH,6954,,0,321
765,3U,4608,HRB,3400,SJW,6347,,0,321
766,3U,4608,HRB,3400,TNA,4108,,0,320 321
767,3U,4608,HRB,3400,TSN,3368,,0,321
768,3U,4608,HRB,3400,WNZ,6392,,0,321
769,3U,4608,HRB,3400,WUH,3376,,0,321
770,3U,4608,HRB,3400,XIY,3379,,0,321
771,3U,4608,HRB,3400,XUZ,4149,,0,320 321
772,3U,4608,ICN,3930,CTU,3395,,0,321
773,3U,4608,INC,4085,CKG,3393,,0,321
774,3U,4608,INC,4085,CTU,3395,,0,321
775,3U,4608,INC,4085,HRB,3400,,0,321
776,3U,4608,INC,4085,KWL,3372,,0,320
777,3U,4608,JGN,6432,LHW,3378,,0,319
778,3U,4608,JHG,3381,CTU,3395,,0,319
779,3U,4608,JHG,3381,KMG,3382,,0,319
780,3U,4608,JIQ,8781,CTU,3395,,0,320
781,3U,4608,JJN,6386,KWE,3394,,0,320
782,3U,4608,JJN,6386,WUH,3376,,0,319
783,3U,4608,JZH,4301,CTU,3395,,0,319
784,3U,4608,KHG,3397,URC,3399,,0,319
785,3U,4608,KHN,3384,CKG,3393,,0,319
786,3U,4608,KHN,3384,CTU,3395,,0,321
787,3U,4608,KHN,3384,KMG,3382,,0,319
788,3U,4608,KHN,3384,NGB,3387,,0,321
789,3U,4608,KMG,3382,CGO,3375,,0,320
790,3U,4608,KMG,3382,CKG,3393,,0,319 320
791,3U,4608,KMG,3382,CSX,3371,,0,320
792,3U,4608,KMG,3382,CTU,3395,,0,320
793,3U,4608,KMG,3382,JHG,3381,,0,319
794,3U,4608,KMG,3382,KHN,3384,,0,319
795,3U,4608,KMG,3382,KWE,3394,,0,320
796,3U,4608,KMG,3382,LUM,6376,,0,319
797,3U,4608,KMG,3382,NGB,3387,,0,320
798,3U,4608,KMG,3382,NKG,3388,,0,320
799,3U,4608,KMG,3382,TAO,3390,,0,320
800,3U,4608,KMG,3382,TNA,4108,,0,320
801,3U,4608,KMG,3382,TPE,2276,,0,320
802,3U,4608,KMG,3382,WXN,6403,,0,320
803,3U,4608,KMG,3382,XIY,3379,,0,320
804,3U,4608,KMG,3382,XMN,3383,,0,320
805,3U,4608,KMG,3382,XUZ,4149,,0,320
806,3U,4608,KOW,6379,CTU,3395,,0,320
807,3U,4608,KOW,6379,XMN,3383,,0,320
808,3U,4608,KWE,3394,CTU,3395,,0,320
809,3U,4608,KWE,3394,HGH,3386,,0,320
810,3U,4608,KWE,3394,JJN,6386,,0,320
811,3U,4608,KWE,3394,KMG,3382,,0,320
812,3U,4608,KWE,3394,LHW,3378,,0,321
813,3U,4608,KWE,3394,SYX,4030,,0,321
814,3U,4608,KWE,3394,WNZ,6392,,0,320
815,3U,4608,KWE,3394,XUZ,4149,,0,321
816,3U,4608,KWL,3372,INC,4085,,0,320
817,3U,4608,KWL,3372,SJW,6347,,0,321
818,3U,4608,KWL,3372,SYX,4030,,0,320
819,3U,4608,LHW,3378,CKG,3393,,0,319 321
820,3U,4608,LHW,3378,CTU,3395,,0,319
821,3U,4608,LHW,3378,DNH,4308,,0,319
822,3U,4608,LHW,3378,JGN,6432,,0,319
823,3U,4608,LHW,3378,KWE,3394,,0,321
824,3U,4608,LHW,3378,TSN,3368,,0,321
825,3U,4608,LJG,4033,CKG,3393,,0,319
826,3U,4608,LJG,4033,CTU,3395,,0,319
827,3U,4608,LJG,4033,MIG,6400,,0,319
828,3U,4608,LUM,6376,CTU,3395,,0,319
829,3U,4608,LUM,6376,KMG,3382,,0,319
830,3U,4608,LXA,4097,CKG,3393,,0,319
831,3U,4608,LXA,4097,CTU,3395,,0,330 319
832,3U,4608,LXA,4097,GXH,9311,,0,319
833,3U,4608,LXA,4097,XIY,3379,,0,319
834,3U,4608,LXA,4097,XNN,6366,,0,319
835,3U,4608,LYI,6385,XIY,3379,,0,319 320
836,3U,4608,LZY,6402,CTU,3395,,0,319
837,3U,4608,MEL,3339,CTU,3395,,0,330
838,3U,4608,MIG,6400,LJG,4033,,0,319
839,3U,4608,MIG,6400,NKG,3388,,0,319
840,3U,4608,MIG,6400,SYX,4030,,0,320
841,3U,4608,MIG,6400,XNN,6366,,0,320
842,3U,4608,NGB,3387,CKG,3393,,0,319
843,3U,4608,NGB,3387,HAK,4120,,0,321
844,3U,4608,NGB,3387,HRB,3400,,0,321
845,3U,4608,NGB,3387,KHN,3384,,0,321
846,3U,4608,NGB,3387,KMG,3382,,0,320
847,3U,4608,NGB,3387,SHE,4144,,0,321
848,3U,4608,NGB,3387,SYX,4030,,0,321
849,3U,4608,NKG,3388,CGQ,4380,,0,320
850,3U,4608,NKG,3388,CKG,3393,,0,319
851,3U,4608,NKG,3388,CTU,3395,,0,319 320
852,3U,4608,NKG,3388,DYG,6353,,0,319
853,3U,4608,NKG,3388,HRB,3400,,0,319
854,3U,4608,NKG,3388,KMG,3382,,0,320
855,3U,4608,NKG,3388,MIG,6400,,0,319
856,3U,4608,NKG,3388,SYX,4030,,0,320
857,3U,4608,NNG,3373,CKG,3393,,0,319
858,3U,4608,NNG,3373,CTU,3395,,0,319 320
859,3U,4608,NNG,3373,SGN,3205,,0,320
860,3U,4608,NNG,3373,WUH,3376,,0,321
861,3U,4608,NTG,5475,WUH,3376,,0,319
862,3U,4608,NZH,6954,HRB,3400,,0,321
863,3U,4608,PEK,3364,CKG,3393,,0,319 321 320
864,3U,4608,PEK,3364,CTU,3395,,0,321 320 330
865,3U,4608,PEK,3364,WXN,6403,,0,320
866,3U,4608,PEK,3364,ZHY,8043,,0,320
867,3U,4608,PVG,3406,CKG,3393,,0,320 319
868,3U,4608,PVG,3406,CTU,3395,,0,330 321
869,3U,4608,PVG,3406,SPN,2244,,0,330
870,3U,4608,PZI,6435,CKG,3393,,0,319
871,3U,4608,PZI,6435,CTU,3395,,0,319
872,3U,4608,SGN,3205,NNG,3373,,0,320
873,3U,4608,SHE,4144,CSX,3371,,0,320
874,3U,4608,SHE,4144,CTU,3395,,0,330
875,3U,4608,SHE,4144,DSN,6434,,0,319
876,3U,4608,SHE,4144,NGB,3387,,0,321
877,3U,4608,SHE,4144,TYN,3369,,0,321
878,3U,4608,SHE,4144,XUZ,4149,,0,320
879,3U,4608,SHE,4144,YVR,156,,0,330
880,3U,4608,SJW,6347,CTU,3395,,0,320
881,3U,4608,SJW,6347,HRB,3400,,0,321
882,3U,4608,SJW,6347,KWL,3372,,0,321
883,3U,4608,SPN,2244,CAN,3370,,0,330
884,3U,4608,SPN,2244,PVG,3406,,0,330
885,3U,4608,SWA,4302,CKG,3393,,0,319
886,3U,4608,SYD,3361,CKG,3393,,0,330
887,3U,4608,SYX,4030,CKG,3393,,0,320
888,3U,4608,SYX,4030,CTU,3395,,0,321
889,3U,4608,SYX,4030,KWE,3394,,0,321
890,3U,4608,SYX,4030,KWL,3372,,0,320
891,3U,4608,SYX,4030,MIG,6400,,0,320
892,3U,4608,SYX,4030,NGB,3387,,0,321
893,3U,4608,SYX,4030,NKG,3388,,0,320
894,3U,4608,SYX,4030,TNA,4108,,0,321
895,3U,4608,SYX,4030,WNZ,6392,,0,321
896,3U,4608,SYX,4030,YBP,4110,,0,319
897,3U,4608,SZX,3374,CKG,3393,,0,320
898,3U,4608,SZX,3374,CTU,3395,,0,320 321
899,3U,4608,SZX,3374,WXN,6403,,0,319
900,3U,4608,TAO,3390,CTU,3395,,0,321
901,3U,4608,TAO,3390,KMG,3382,,0,320
902,3U,4608,TNA,4108,CGQ,4380,,0,321
903,3U,4608,TNA,4108,CKG,3393,,0,321
904,3U,4608,TNA,4108,CTU,3395,,0,321
905,3U,4608,TNA,4108,DLC,3404,,0,321
906,3U,4608,TNA,4108,HRB,3400,,0,320 321
907,3U,4608,TNA,4108,KMG,3382,,0,320
908,3U,4608,TNA,4108,SYX,4030,,0,321
909,3U,4608,TNA,4108,XIY,3379,,0,320
910,3U,4608,TPE,2276,KMG,3382,,0,320
911,3U,4608,TSA,2275,CKG,3393,,0,320
912,3U,4608,TSA,2275,CTU,3395,,0,320
913,3U,4608,TSN,3368,CGQ,4380,,0,320 319
914,3U,4608,TSN,3368,CKG,3393,,0,319
915,3U,4608,TSN,3368,CTU,3395,,0,321
916,3U,4608,TSN,3368,HGH,3386,,0,320
917,3U,4608,TSN,3368,HRB,3400,,0,321
918,3U,4608,TSN,3368,LHW,3378,,0,321
919,3U,4608,TVS,8858,TYN,3369,,0,319
920,3U,4608,TYN,3369,CKG,3393,,0,321
921,3U,4608,TYN,3369,CTU,3395,,0,319
922,3U,4608,TYN,3369,DAT,6344,,0,319
923,3U,4608,TYN,3369,HGH,3386,,0,320
924,3U,4608,TYN,3369,SHE,4144,,0,321
925,3U,4608,TYN,3369,TVS,8858,,0,319
926,3U,4608,URC,3399,CGO,3375,,0,320
927,3U,4608,URC,3399,CKG,3393,,0,320
928,3U,4608,URC,3399,CTU,3395,,0,319 330
929,3U,4608,URC,3399,KHG,3397,,0,319
930,3U,4608,URC,3399,XIY,3379,,0,319
931,3U,4608,UYN,6368,XIY,3379,,0,319
932,3U,4608,WNZ,6392,CSX,3371,,0,319
933,3U,4608,WNZ,6392,CTU,3395,,0,320
934,3U,4608,WNZ,6392,HRB,3400,,0,321
935,3U,4608,WNZ,6392,KWE,3394,,0,320
936,3U,4608,WNZ,6392,SYX,4030,,0,321
937,3U,4608,WUH,3376,CKG,3393,,0,319
938,3U,4608,WUH,3376,CTU,3395,,0,319
939,3U,4608,WUH,3376,HRB,3400,,0,321
940,3U,4608,WUH,3376,JJN,6386,,0,319
941,3U,4608,WUH,3376,NNG,3373,,0,321
942,3U,4608,WUH,3376,NTG,5475,,0,319
943,3U,4608,WUX,6390,CKG,3393,,0,319
944,3U,4608,WUX,6390,CTU,3395,,0,320
945,3U,4608,WXN,6403,CTU,3395,,0,319
946,3U,4608,WXN,6403,KMG,3382,,0,320
947,3U,4608,WXN,6403,PEK,3364,,0,320
948,3U,4608,WXN,6403,SZX,3374,,0,319
949,3U,4608,XIC,3396,CTU,3395,,0,320
950,3U,4608,XIY,3379,BHY,6351,,0,321
951,3U,4608,XIY,3379,CKG,3393,,0,319
952,3U,4608,XIY,3379,CTU,3395,,0,320 319
953,3U,4608,XIY,3379,FOC,3385,,0,319
954,3U,4608,XIY,3379,GXH,9311,,0,319
955,3U,4608,XIY,3379,HRB,3400,,0,321
956,3U,4608,XIY,3379,KMG,3382,,0,320
957,3U,4608,XIY,3379,LXA,4097,,0,319
958,3U,4608,XIY,3379,LYI,6385,,0,319 320
959,3U,4608,XIY,3379,TNA,4108,,0,320
960,3U,4608,XIY,3379,URC,3399,,0,319
961,3U,4608,XIY,3379,UYN,6368,,0,319
962,3U,4608,XIY,3379,XMN,3383,,0,319
963,3U,4608,XIY,3379,XNN,6366,,0,319
964,3U,4608,XIY,3379,YBP,4110,,0,319
965,3U,4608,XMN,3383,CSX,3371,,0,321
966,3U,4608,XMN,3383,CTU,3395,,0,320
967,3U,4608,XMN,3383,CZX,4109,,0,321
968,3U,4608,XMN,3383,KMG,3382,,0,320
969,3U,4608,XMN,3383,KOW,6379,,0,320
970,3U,4608,XMN,3383,XIY,3379,,0,319
971,3U,4608,XNN,6366,CKG,3393,,0,320
972,3U,4608,XNN,6366,CTU,3395,,0,320
973,3U,4608,XNN,6366,LXA,4097,,0,319
974,3U,4608,XNN,6366,MIG,6400,,0,320
975,3U,4608,XNN,6366,XIY,3379,,0,319
976,3U,4608,XNN,6366,ZHY,8043,,0,320
977,3U,4608,XUZ,4149,CTU,3395,,0,320
978,3U,4608,XUZ,4149,DLC,3404,,0,320
979,3U,4608,XUZ,4149,HRB,3400,,0,320 321
980,3U,4608,XUZ,4149,KMG,3382,,0,320
981,3U,4608,XUZ,4149,KWE,3394,,0,321
982,3U,4608,XUZ,4149,SHE,4144,,0,320
983,3U,4608,YBP,4110,SYX,4030,,0,319
984,3U,4608,YBP,4110,XIY,3379,,0,319
985,3U,4608,YIH,6361,CKG,3393,,0,319
986,3U,4608,YIH,6361,CTU,3395,,0,320
987,3U,4608,YIH,6361,HKG,3077,,0,320
988,3U,4608,YTY,8876,CTU,3395,,0,319
989,3U,4608,YVR,156,SHE,4144,,0,330
990,3U,4608,ZHA,6357,CKG,3393,,0,319
991,3U,4608,ZHA,6357,HKG,3077,,0,319
992,3U,4608,ZHY,8043,PEK,3364,,0,320
993,3U,4608,ZHY,8043,XNN,6366,,0,320
994,3U,4608,ZUH,6355,CZX,4109,,0,320
995,3U,4608,ZUH,6355,HAK,4120,,0,320
996,4B,20565,LAS,3877,LAX,3484,,0,PL2
997,4B,20565,LAX,3484,LAS,3877,,0,PL2
998,4D,442,CAI,1128,TLV,1590,,0,E70
999,4D,442,TLV,1590,CAI,1128,,0,E70
1000,4E,\N,MCG,5965,NIB,7214,,0,PAG
1001,4E,\N,MCG,5965,TCT,7215,,0,PAG
1002,4E,\N,NIB,7214,MCG,5965,,0,PAG
1003,4E,\N,TCT,7215,TLJ,3423,,0,PAG
1004,4E,\N,TLJ,3423,MCG,5965,,0,PAG
1005,4G,2524,EYK,8428,VKO,2988,,0,YK2
1006,4G,2524,NCU,6151,VKO,2988,,0,73G
1007,4G,2524,NUX,4364,TJM,4111,,0,TU5
1008,4G,2524,NUX,4364,UFA,2992,,0,TU5
1009,4G,2524,NUX,4364,VKO,2988,,0,73G TU5
1010,4G,2524,NYM,6143,OVS,6140,,0,YK4
1011,4G,2524,NYM,6143,VKO,2988,,0,73G
1012,4G,2524,OVS,6140,NYM,6143,,0,YK4
1013,4G,2524,OVS,6140,SVX,2975,,0,YK4
1014,4G,2524,OVS,6140,VKO,2988,,0,YK2
1015,4G,2524,SVX,2975,OVS,6140,,0,YK4
1016,4G,2524,TJM,4111,NUX,4364,,0,TU5
1017,4G,2524,UCT,4368,VKO,2988,,0,YK2
1018,4G,2524,UFA,2992,NUX,4364,,0,TU5
1019,4G,2524,VKO,2988,EYK,8428,,0,YK2
1020,4G,2524,VKO,2988,NCU,6151,,0,73G
1021,4G,2524,VKO,2988,NUX,4364,,0,73G TU5
1022,4G,2524,VKO,2988,NYM,6143,,0,73G
1023,4G,2524,VKO,2988,OVS,6140,,0,YK2
1024,4G,2524,VKO,2988,UCT,4368,,0,YK2
1025,4H,8463,BKK,3885,DAC,3076,,0,AT7
1026,4H,8463,BZL,6176,DAC,3076,,0,DH8
1027,4H,8463,CCU,3043,CGP,3069,,0,AT7
1028,4H,8463,CCU,3043,DAC,3076,,0,AT7
1029,4H,8463,CGP,3069,CCU,3043,,0,AT7
1030,4H,8463,CGP,3069,DAC,3076,,0,DH8
1031,4H,8463,CGP,3069,MCT,2194,,0,313
1032,4H,8463,CXB,3068,DAC,3076,,0,DH8
1033,4H,8463,DAC,3076,BKK,3885,,0,AT7
1034,4H,8463,DAC,3076,BZL,6176,,0,DH8
1035,4H,8463,DAC,3076,CCU,3043,,0,AT7
1036,4H,8463,DAC,3076,CGP,3069,,0,DH8
1037,4H,8463,DAC,3076,CXB,3068,,0,DH8
1038,4H,8463,DAC,3076,DXB,2188,,0,313
1039,4H,8463,DAC,3076,JED,2072,,0,313
1040,4H,8463,DAC,3076,JSR,3071,,0,DH8
1041,4H,8463,DAC,3076,KTM,3125,,0,AT7
1042,4H,8463,DAC,3076,KUL,3304,,0,AT7
1043,4H,8463,DAC,3076,MCT,2194,,0,313
1044,4H,8463,DAC,3076,SPD,3073,,0,DH8
1045,4H,8463,DAC,3076,ZYL,3074,,0,313
1046,4H,8463,DXB,2188,DAC,3076,,0,313
1047,4H,8463,JED,2072,DAC,3076,,0,313
1048,4H,8463,JSR,3071,DAC,3076,,0,DH8
1049,4H,8463,KTM,3125,DAC,3076,,0,AT7
1050,4H,8463,KUL,3304,DAC,3076,,0,AT7
1051,4H,8463,MCT,2194,CGP,3069,,0,313
1052,4H,8463,MCT,2194,DAC,3076,,0,313
1053,4H,8463,RJH,3072,DAC,3076,,0,DH8
1054,4H,8463,SPD,3073,DAC,3076,,0,DH8
1055,4H,8463,SPD,3073,RJH,3072,,0,DH8
1056,4H,8463,ZYL,3074,DAC,3076,,0,313
1057,4K,29,YGZ,5498,YRB,128,,0,DHT
1058,4K,29,YRB,128,YGZ,5498,,0,DHT
1059,4M,3201,DFW,3670,EZE,3988,Y,0,777
1060,4M,3201,EZE,3988,DFW,3670,Y,0,777
1061,4M,3201,EZE,3988,JFK,3797,Y,0,777
1062,4M,3201,EZE,3988,MIA,3576,,0,777 763
1063,4M,3201,EZE,3988,PUJ,1760,,0,763
1064,4M,3201,JFK,3797,EZE,3988,Y,0,777
1065,4M,3201,MIA,3576,EZE,3988,,0,777 763
1066,4M,3201,MIA,3576,PUJ,1760,,0,763
1067,4M,3201,PUJ,1760,EZE,3988,,0,763
1068,4M,3201,PUJ,1760,MIA,3576,,0,763
1069,4N,341,YEG,49,YXY,176,,0,737
1070,4N,341,YLW,87,YVR,156,,0,737
1071,4N,341,YLW,87,YXY,176,,0,737
1072,4N,341,YOW,100,YZF,196,,0,737
1073,4N,341,YVR,156,YLW,87,,0,737
1074,4N,341,YVR,156,YXY,176,,0,737
1075,4N,341,YXY,176,YLW,87,,0,737
1076,4N,341,YXY,176,YVR,156,,0,737
1077,4N,341,YXY,176,YYC,178,,0,737
1078,4N,341,YXY,176,YZF,196,,0,737
1079,4N,341,YYC,178,YEG,49,,0,737
1080,4N,341,YZF,196,YOW,100,,0,737
1081,4N,341,YZF,196,YXY,176,,0,737
1082,4O,17885,ACA,1783,MEX,1824,,0,320
1083,4O,17885,ACA,1783,TLC,1850,,0,320
1084,4O,17885,AGU,1785,MEX,1824,,0,SU9
1085,4O,17885,BOG,2709,MEX,1824,,0,320
1086,4O,17885,CEN,1794,MEX,1824,,0,320
1087,4O,17885,CJS,1796,MEX,1824,,0,320
1088,4O,17885,CME,1789,MEX,1824,,0,320
1089,4O,17885,CPE,1795,MEX,1824,,0,SU9
1090,4O,17885,CTM,1793,MEX,1824,,0,320
1091,4O,17885,CUL,1792,MEX,1824,,0,320
1092,4O,17885,CUN,1852,MEX,1824,,0,320
1093,4O,17885,CUN,1852,MTY,1825,,0,320
1094,4O,17885,CUN,1852,TLC,1850,,0,320
1095,4O,17885,CUU,1797,MEX,1824,,0,320
1096,4O,17885,CZM,1800,MEX,1824,,0,320
1097,4O,17885,GDL,1804,MEX,1824,,0,320
1098,4O,17885,GDL,1804,MTY,1825,,0,320
1099,4O,17885,GDL,1804,SAT,3621,,0,320
1100,4O,17885,GDL,1804,SJD,1840,,0,320
1101,4O,17885,GDL,1804,SNA,3867,,0,320
1102,4O,17885,GDL,1804,TIJ,1847,,0,320
1103,4O,17885,GUA,1767,MEX,1824,,0,320
1104,4O,17885,HAV,1909,MEX,1824,,0,320
1105,4O,17885,HMO,1807,MEX,1824,,0,320
1106,4O,17885,HUX,1786,MEX,1824,,0,320
1107,4O,17885,JFK,3797,MEX,1824,,0,320
1108,4O,17885,LAP,1816,MEX,1824,,0,SU9
1109,4O,17885,LAS,3877,MTY,1825,,0,320
1110,4O,17885,LAS,3877,TLC,1850,,0,320
1111,4O,17885,MEX,1824,ACA,1783,,0,320
1112,4O,17885,MEX,1824,AGU,1785,,0,SU9
1113,4O,17885,MEX,1824,BOG,2709,,0,320
1114,4O,17885,MEX,1824,CEN,1794,,0,320
1115,4O,17885,MEX,1824,CJS,1796,,0,320
1116,4O,17885,MEX,1824,CME,1789,,0,320
1117,4O,17885,MEX,1824,CPE,1795,,0,SU9
1118,4O,17885,MEX,1824,CTM,1793,,0,320
1119,4O,17885,MEX,1824,CUL,1792,,0,320
1120,4O,17885,MEX,1824,CUN,1852,,0,320
1121,4O,17885,MEX,1824,CUU,1797,,0,320
1122,4O,17885,MEX,1824,CZM,1800,,0,320
1123,4O,17885,MEX,1824,GDL,1804,,0,320
1124,4O,17885,MEX,1824,GUA,1767,,0,320
1125,4O,17885,MEX,1824,HAV,1909,,0,320
1126,4O,17885,MEX,1824,HMO,1807,,0,320
1127,4O,17885,MEX,1824,HUX,1786,,0,320
1128,4O,17885,MEX,1824,JFK,3797,,0,320
1129,4O,17885,MEX,1824,LAP,1816,,0,SU9
1130,4O,17885,MEX,1824,MIA,3576,,0,320
1131,4O,17885,MEX,1824,MID,1819,,0,320
1132,4O,17885,MEX,1824,MTT,1822,,0,SU9
1133,4O,17885,MEX,1824,MTY,1825,,0,320
1134,4O,17885,MEX,1824,MZT,1826,,0,SU9
1135,4O,17885,MEX,1824,OAX,1829,,0,320
1136,4O,17885,MEX,1824,PQM,\N,,0,SU9
1137,4O,17885,MEX,1824,PVR,1836,,0,320
1138,4O,17885,MEX,1824,REX,1839,,0,SU9
1139,4O,17885,MEX,1824,SAT,3621,,0,320
1140,4O,17885,MEX,1824,SJD,1840,,0,320
1141,4O,17885,MEX,1824,SJO,1885,,0,320
1142,4O,17885,MEX,1824,SNA,3867,,0,320
1143,4O,17885,MEX,1824,TAM,1848,,0,320
1144,4O,17885,MEX,1824,TGZ,1846,,0,320
1145,4O,17885,MEX,1824,TIJ,1847,,0,320
1146,4O,17885,MEX,1824,TRC,1845,,0,SU9
1147,4O,17885,MEX,1824,VER,1854,,0,320
1148,4O,17885,MEX,1824,VSA,1853,,0,320
1149,4O,17885,MEX,1824,ZCL,1855,,0,SU9
1150,4O,17885,MEX,1824,ZIH,1856,,0,320
1151,4O,17885,MEX,1824,ZLO,1858,,0,SU9
1152,4O,17885,MIA,3576,MEX,1824,,0,320
1153,4O,17885,MID,1819,MEX,1824,,0,320
1154,4O,17885,MTT,1822,MEX,1824,,0,SU9
1155,4O,17885,MTY,1825,CUN,1852,,0,320
1156,4O,17885,MTY,1825,GDL,1804,,0,320
1157,4O,17885,MTY,1825,LAS,3877,,0,320
1158,4O,17885,MTY,1825,MEX,1824,,0,320
1159,4O,17885,MTY,1825,SAT,3621,,0,320
1160,4O,17885,MTY,1825,TLC,1850,,0,320
1161,4O,17885,MZT,1826,MEX,1824,,0,SU9
1162,4O,17885,OAX,1829,MEX,1824,,0,320
1163,4O,17885,PQM,\N,MEX,1824,,0,SU9
1164,4O,17885,PVR,1836,MEX,1824,,0,320
1165,4O,17885,PVR,1836,TLC,1850,,0,320
1166,4O,17885,REX,1839,MEX,1824,,0,SU9
1167,4O,17885,SAT,3621,GDL,1804,,0,320
1168,4O,17885,SAT,3621,MEX,1824,,0,320
1169,4O,17885,SAT,3621,MTY,1825,,0,320
1170,4O,17885,SAT,3621,TLC,1850,,0,320
1171,4O,17885,SJD,1840,GDL,1804,,0,320
1172,4O,17885,SJD,1840,MEX,1824,,0,320
1173,4O,17885,SJD,1840,TLC,1850,,0,320
1174,4O,17885,SJO,1885,MEX,1824,,0,320
1175,4O,17885,SNA,3867,GDL,1804,,0,320
1176,4O,17885,SNA,3867,MEX,1824,,0,320
1177,4O,17885,TAM,1848,MEX,1824,,0,320
1178,4O,17885,TGZ,1846,MEX,1824,,0,320
1179,4O,17885,TIJ,1847,GDL,1804,,0,320
1180,4O,17885,TIJ,1847,MEX,1824,,0,320
1181,4O,17885,TLC,1850,ACA,1783,,0,320
1182,4O,17885,TLC,1850,CUN,1852,,0,320
1183,4O,17885,TLC,1850,LAS,3877,,0,320
1184,4O,17885,TLC,1850,MTY,1825,,0,320
1185,4O,17885,TLC,1850,PVR,1836,,0,320
1186,4O,17885,TLC,1850,SAT,3621,,0,320
1187,4O,17885,TLC,1850,SJD,1840,,0,320
1188,4O,17885,TLC,1850,ZIH,1856,,0,320
1189,4O,17885,TRC,1845,MEX,1824,,0,SU9
1190,4O,17885,VER,1854,MEX,1824,,0,320
1191,4O,17885,VSA,1853,MEX,1824,,0,320
1192,4O,17885,ZCL,1855,MEX,1824,,0,SU9
1193,4O,17885,ZIH,1856,MEX,1824,,0,320
1194,4O,17885,ZIH,1856,TLC,1850,,0,320
1195,4O,17885,ZLO,1858,MEX,1824,,0,SU9
1196,4Q,10758,DEL,3093,HEA,2048,,0,320
1197,4Q,10758,DEL,3093,KBL,2050,,0,320
1198,4Q,10758,DXB,2188,KBL,2050,,0,319
1199,4Q,10758,HEA,2048,DEL,3093,,0,320
1200,4Q,10758,HEA,2048,ISB,2223,,0,319
1201,4Q,10758,HEA,2048,KBL,2050,,0,319 320
1202,4Q,10758,ISB,2223,HEA,2048,,0,319
1203,4Q,10758,ISB,2223,KBL,2050,,0,319
1204,4Q,10758,KBL,2050,DEL,3093,,0,320
1205,4Q,10758,KBL,2050,DXB,2188,,0,319
1206,4Q,10758,KBL,2050,HEA,2048,,0,319 320
1207,4Q,10758,KBL,2050,ISB,2223,,0,319
1208,4Q,10758,KBL,2050,MZR,2053,,0,319
1209,4Q,10758,MZR,2053,KBL,2050,,0,319
1210,4T,1401,AYT,1688,ZRH,1678,,0,320
1211,4T,1401,BSL,1423,HRG,1130,,0,320
1212,4T,1401,HRG,1130,BSL,1423,,0,320
1213,4T,1401,HRG,1130,ZRH,1678,,0,320
1214,4T,1401,PRN,1742,ZRH,1678,,0,320
1215,4T,1401,RMF,4197,ZRH,1678,,0,320
1216,4T,1401,SKP,1737,ZRH,1678,,0,320
1217,4T,1401,ZRH,1678,AYT,1688,,0,320
1218,4T,1401,ZRH,1678,HRG,1130,,0,320
1219,4T,1401,ZRH,1678,PRN,1742,,0,320
1220,4T,1401,ZRH,1678,RMF,4197,,0,320
1221,4T,1401,ZRH,1678,SKP,1737,,0,320
1222,4U,2548,AGP,1230,STR,350,,0,320 319
1223,4U,2548,AGP,1230,TXL,351,,0,319
1224,4U,2548,ALG,210,CGN,344,,0,319
1225,4U,2548,AMS,580,HAM,342,,0,CRJ
1226,4U,2548,AOI,4309,DUS,345,,0,CRJ
1227,4U,2548,AOI,4309,TXL,351,,0,CRJ
1228,4U,2548,ARN,737,CGN,344,,0,CRJ
1229,4U,2548,ARN,737,DUS,345,,0,CRJ
1230,4U,2548,ARN,737,HAM,342,,0,CRJ
1231,4U,2548,ATH,3941,CGN,344,,0,319
1232,4U,2548,ATH,3941,STR,350,,0,319
1233,4U,2548,AYT,1688,CGN,344,,0,320
1234,4U,2548,BCN,1218,CGN,344,,0,320 319
1235,4U,2548,BCN,1218,DUS,345,,0,320 319
1236,4U,2548,BCN,1218,HAJ,352,,0,319
1237,4U,2548,BCN,1218,HAM,342,,0,319
1238,4U,2548,BCN,1218,STR,350,,0,319 320
1239,4U,2548,BDS,1506,STR,350,,0,319
1240,4U,2548,BEG,1739,STR,350,,0,319
1241,4U,2548,BGO,636,HAM,342,,0,CRJ
1242,4U,2548,BHX,469,HAM,342,,0,CRJ
1243,4U,2548,BHX,469,TXL,351,,0,319
1244,4U,2548,BIA,1321,CGN,344,,0,319
1245,4U,2548,BIA,1321,DUS,345,,0,320
1246,4U,2548,BIA,1321,HAM,342,,0,CRJ
1247,4U,2548,BIA,1321,STR,350,,0,319
1248,4U,2548,BIA,1321,TXL,351,,0,320
1249,4U,2548,BIO,1216,DUS,345,,0,CRJ
1250,4U,2548,BIO,1216,STR,350,,0,CRJ 319
1251,4U,2548,BLQ,1538,CGN,344,,0,319
1252,4U,2548,BLQ,1538,TXL,351,,0,319
1253,4U,2548,BRE,353,STR,350,,0,319 CRJ
1254,4U,2548,BRI,1501,CGN,344,,0,319
1255,4U,2548,BRI,1501,DUS,345,,0,CRJ
1256,4U,2548,BRI,1501,STR,350,,0,319
1257,4U,2548,BRU,302,STR,350,,0,319 CRJ
1258,4U,2548,BSL,1423,DUS,345,,0,CRJ
1259,4U,2548,BUD,1489,CGN,344,,0,319 320 CRJ
1260,4U,2548,BUD,1489,HAM,342,,0,CRJ
1261,4U,2548,BUD,1489,STR,350,,0,319 CRJ
1262,4U,2548,CAG,1519,CGN,344,,0,319
1263,4U,2548,CAG,1519,DUS,345,,0,CRJ
1264,4U,2548,CAG,1519,STR,350,,0,319
1265,4U,2548,CDG,1382,HAM,342,,0,319 CRJ
1266,4U,2548,CFU,1460,CGN,344,,0,320 319
1267,4U,2548,CFU,1460,DRS,338,,0,319
1268,4U,2548,CFU,1460,STR,350,,0,319
1269,4U,2548,CGN,344,ALG,210,,0,319
1270,4U,2548,CGN,344,ARN,737,,0,CRJ
1271,4U,2548,CGN,344,ATH,3941,,0,319
1272,4U,2548,CGN,344,AYT,1688,,0,320
1273,4U,2548,CGN,344,BCN,1218,,0,320 319
1274,4U,2548,CGN,344,BIA,1321,,0,319
1275,4U,2548,CGN,344,BLQ,1538,,0,319
1276,4U,2548,CGN,344,BRI,1501,,0,319
1277,4U,2548,CGN,344,BUD,1489,,0,319 320 CRJ
1278,4U,2548,CGN,344,CAG,1519,,0,319
1279,4U,2548,CGN,344,CFU,1460,,0,320 319
1280,4U,2548,CGN,344,CLY,1322,,0,319
1281,4U,2548,CGN,344,CTA,1509,,0,319
1282,4U,2548,CGN,344,DBV,1200,,0,319
1283,4U,2548,CGN,344,DRS,338,,0,319 CRJ
1284,4U,2548,CGN,344,DUB,599,,0,319
1285,4U,2548,CGN,344,EDI,535,,0,319
1286,4U,2548,CGN,344,FAO,1626,,0,319 320
1287,4U,2548,CGN,344,FCO,1555,,0,319 320
1288,4U,2548,CGN,344,FDH,382,,0,319 CRJ
1289,4U,2548,CGN,344,HAM,342,,0,319 CRJ
1290,4U,2548,CGN,344,HDF,5557,,0,CRJ
1291,4U,2548,CGN,344,HER,1452,,0,320 319
1292,4U,2548,CGN,344,IBZ,1225,,0,320 319
1293,4U,2548,CGN,344,JMK,1468,,0,319
1294,4U,2548,CGN,344,JTR,1479,,0,319
1295,4U,2548,CGN,344,KGS,1458,,0,319
1296,4U,2548,CGN,344,KLU,4322,,0,CRJ
1297,4U,2548,CGN,344,KVA,1462,,0,319 320
1298,4U,2548,CGN,344,LEJ,348,,0,CRJ 319 320
1299,4U,2548,CGN,344,LHR,507,,0,319 320
1300,4U,2548,CGN,344,LIS,1638,,0,319 320
1301,4U,2548,CGN,344,LPA,1054,,0,319
1302,4U,2548,CGN,344,MAN,478,,0,319
1303,4U,2548,CGN,344,MXP,1524,,0,319 CRJ
1304,4U,2548,CGN,344,NAP,1561,,0,319 320
1305,4U,2548,CGN,344,NCE,1354,,0,319 320
1306,4U,2548,CGN,344,NDR,5673,,0,319
1307,4U,2548,CGN,344,OLB,1520,,0,319
1308,4U,2548,CGN,344,PMI,3998,,0,320 319
1309,4U,2548,CGN,344,PMO,1512,,0,319 CRJ
1310,4U,2548,CGN,344,PRG,1587,,0,319 320 CRJ
1311,4U,2548,CGN,344,PSA,1562,,0,319
1312,4U,2548,CGN,344,PUY,1203,,0,319 CRJ
1313,4U,2548,CGN,344,RAK,1075,,0,319
1314,4U,2548,CGN,344,RHO,1472,,0,320
1315,4U,2548,CGN,344,RJK,1205,,0,319
1316,4U,2548,CGN,344,RLG,772,,0,319
1317,4U,2548,CGN,344,SAW,4317,,0,319 320
1318,4U,2548,CGN,344,SJJ,1646,,0,319
1319,4U,2548,CGN,344,SKG,1486,,0,319 320
1320,4U,2548,CGN,344,SPU,1206,,0,319
1321,4U,2548,CGN,344,STN,548,,0,319
1322,4U,2548,CGN,344,SUF,1508,,0,319
1323,4U,2548,CGN,344,SZG,1612,,0,319
1324,4U,2548,CGN,344,TLV,1590,,0,319 320
1325,4U,2548,CGN,344,TUN,287,,0,319
1326,4U,2548,CGN,344,TXL,351,,0,319 320
1327,4U,2548,CGN,344,VCE,1551,,0,320 319
1328,4U,2548,CGN,344,VIE,1613,,0,319 320
1329,4U,2548,CGN,344,VRN,1550,,0,319
1330,4U,2548,CGN,344,WAW,679,,0,CRJ
1331,4U,2548,CGN,344,XRY,1226,,0,319
1332,4U,2548,CGN,344,ZAD,1209,,0,319
1333,4U,2548,CGN,344,ZAG,1208,,0,CRJ 319
1334,4U,2548,CGN,344,ZRH,1678,,0,320 319
1335,4U,2548,CLY,1322,CGN,344,,0,319
1336,4U,2548,CTA,1509,CGN,344,,0,319
1337,4U,2548,CTA,1509,DUS,345,,0,CRJ
1338,4U,2548,CTA,1509,HAJ,352,,0,319
1339,4U,2548,CTA,1509,HAM,342,,0,319
1340,4U,2548,CTA,1509,STR,350,,0,319
1341,4U,2548,CTA,1509,TXL,351,,0,319
1342,4U,2548,CWL,488,DUS,345,,0,CRJ
1343,4U,2548,DBV,1200,CGN,344,,0,319
1344,4U,2548,DBV,1200,DUS,345,,0,CRJ
1345,4U,2548,DBV,1200,HAJ,352,,0,319
1346,4U,2548,DBV,1200,HAM,342,,0,319
1347,4U,2548,DBV,1200,STR,350,,0,319
1348,4U,2548,DBV,1200,TXL,351,,0,320
1349,4U,2548,DRS,338,CFU,1460,,0,319
1350,4U,2548,DRS,338,CGN,344,,0,319 CRJ
1351,4U,2548,DRS,338,DUS,345,,0,319 CRJ
1352,4U,2548,DRS,338,STR,350,,0,319 CRJ
1353,4U,2548,DTM,373,HDF,5557,,0,319
1354,4U,2548,DTM,373,MUC,346,,0,319
1355,4U,2548,DTM,373,PMI,3998,,0,319 320
1356,4U,2548,DTM,373,SAW,4317,,0,319
1357,4U,2548,DTM,373,SPU,1206,,0,319
1358,4U,2548,DUB,599,CGN,344,,0,319
1359,4U,2548,DUB,599,DUS,345,,0,CRJ
1360,4U,2548,DUS,345,AOI,4309,,0,CRJ
1361,4U,2548,DUS,345,ARN,737,,0,CRJ
1362,4U,2548,DUS,345,BCN,1218,,0,320 319
1363,4U,2548,DUS,345,BIA,1321,,0,320
1364,4U,2548,DUS,345,BIO,1216,,0,CRJ
1365,4U,2548,DUS,345,BRI,1501,,0,CRJ
1366,4U,2548,DUS,345,BSL,1423,,0,CRJ
1367,4U,2548,DUS,345,CAG,1519,,0,CRJ
1368,4U,2548,DUS,345,CTA,1509,,0,CRJ
1369,4U,2548,DUS,345,CWL,488,,0,CRJ
1370,4U,2548,DUS,345,DBV,1200,,0,CRJ
1371,4U,2548,DUS,345,DRS,338,,0,319 CRJ
1372,4U,2548,DUS,345,DUB,599,,0,CRJ
1373,4U,2548,DUS,345,GVA,1665,,0,CRJ
1374,4U,2548,DUS,345,HDF,5557,,0,CRJ
1375,4U,2548,DUS,345,HER,1452,,0,319
1376,4U,2548,DUS,345,IBZ,1225,,0,320
1377,4U,2548,DUS,345,KTW,671,,0,CRJ
1378,4U,2548,DUS,345,LEJ,348,,0,CRJ
1379,4U,2548,DUS,345,LYS,1335,,0,CRJ
1380,4U,2548,DUS,345,MAD,1229,,0,CRJ
1381,4U,2548,DUS,345,MPL,1359,,0,CRJ
1382,4U,2548,DUS,345,MXP,1524,,0,CRJ 320
1383,4U,2548,DUS,345,NQY,481,,0,CRJ
1384,4U,2548,DUS,345,NUE,347,,0,CRJ
1385,4U,2548,DUS,345,OLB,1520,,0,CRJ
1386,4U,2548,DUS,345,PMI,3998,,0,320
1387,4U,2548,DUS,345,POZ,674,,0,CRJ
1388,4U,2548,DUS,345,PRG,1587,,0,CRJ
1389,4U,2548,DUS,345,PRN,1742,,0,319
1390,4U,2548,DUS,345,SKG,1486,,0,319 320
1391,4U,2548,DUS,345,SPU,1206,,0,319
1392,4U,2548,DUS,345,SUF,1508,,0,CRJ
1393,4U,2548,DUS,345,TRN,1526,,0,CRJ
1394,4U,2548,DUS,345,VCE,1551,,0,320 319
1395,4U,2548,DUS,345,WAW,679,,0,CRJ
1396,4U,2548,DUS,345,WRO,680,,0,CRJ
1397,4U,2548,DUS,345,ZAD,1209,,0,CRJ
1398,4U,2548,EDI,535,CGN,344,,0,319
1399,4U,2548,FAO,1626,CGN,344,,0,319 320
1400,4U,2548,FAO,1626,HAM,342,,0,319
1401,4U,2548,FAO,1626,STR,350,,0,319 320
1402,4U,2548,FCO,1555,CGN,344,,0,319 320
1403,4U,2548,FCO,1555,HAJ,352,,0,319
1404,4U,2548,FCO,1555,HAM,342,,0,319
1405,4U,2548,FCO,1555,STR,350,,0,319
1406,4U,2548,FCO,1555,TXL,351,,0,319
1407,4U,2548,FDH,382,CGN,344,,0,319 CRJ
1408,4U,2548,FKB,4166,HAM,342,,0,CRJ
1409,4U,2548,FMM,3986,HAM,342,,0,CRJ
1410,4U,2548,FMM,3986,TXL,351,,0,CRJ
1411,4U,2548,FRA,340,HDF,5557,,0,CRJ
1412,4U,2548,GVA,1665,DUS,345,,0,CRJ
1413,4U,2548,GVA,1665,HAM,342,,0,CRJ
1414,4U,2548,HAJ,352,BCN,1218,,0,319
1415,4U,2548,HAJ,352,CTA,1509,,0,319
1416,4U,2548,HAJ,352,DBV,1200,,0,319
1417,4U,2548,HAJ,352,FCO,1555,,0,319
1418,4U,2548,HAJ,352,HER,1452,,0,319
1419,4U,2548,HAJ,352,MXP,1524,,0,319
1420,4U,2548,HAJ,352,NAP,1561,,0,319
1421,4U,2548,HAJ,352,PMI,3998,,0,319
1422,4U,2548,HAJ,352,PRN,1742,,0,319
1423,4U,2548,HAJ,352,SAW,4317,,0,319
1424,4U,2548,HAJ,352,SKG,1486,,0,319
1425,4U,2548,HAJ,352,SPU,1206,,0,319
1426,4U,2548,HAJ,352,STN,548,,0,319
1427,4U,2548,HAJ,352,STR,350,,0,319
1428,4U,2548,HAJ,352,SUF,1508,,0,319
1429,4U,2548,HAJ,352,VCE,1551,,0,319
1430,4U,2548,HAJ,352,VIE,1613,,0,319
1431,4U,2548,HAM,342,AMS,580,,0,CRJ
1432,4U,2548,HAM,342,ARN,737,,0,CRJ
1433,4U,2548,HAM,342,BCN,1218,,0,319
1434,4U,2548,HAM,342,BGO,636,,0,CRJ
1435,4U,2548,HAM,342,BHX,469,,0,CRJ
1436,4U,2548,HAM,342,BIA,1321,,0,CRJ
1437,4U,2548,HAM,342,BUD,1489,,0,CRJ
1438,4U,2548,HAM,342,CDG,1382,,0,319 CRJ
1439,4U,2548,HAM,342,CGN,344,,0,319 CRJ
1440,4U,2548,HAM,342,CTA,1509,,0,319
1441,4U,2548,HAM,342,DBV,1200,,0,319
1442,4U,2548,HAM,342,FAO,1626,,0,319
1443,4U,2548,HAM,342,FCO,1555,,0,319
1444,4U,2548,HAM,342,FKB,4166,,0,CRJ
1445,4U,2548,HAM,342,FMM,3986,,0,CRJ
1446,4U,2548,HAM,342,GVA,1665,,0,CRJ
1447,4U,2548,HAM,342,HER,1452,,0,319
1448,4U,2548,HAM,342,KLU,4322,,0,319 CRJ
1449,4U,2548,HAM,342,LHR,507,,0,319 CRJ
1450,4U,2548,HAM,342,MAD,1229,,0,CRJ
1451,4U,2548,HAM,342,MAN,478,,0,CRJ
1452,4U,2548,HAM,342,MXP,1524,,0,319 CRJ
1453,4U,2548,HAM,342,NAP,1561,,0,319
1454,4U,2548,HAM,342,NCE,1354,,0,319
1455,4U,2548,HAM,342,NUE,347,,0,CRJ
1456,4U,2548,HAM,342,OLB,1520,,0,319
1457,4U,2548,HAM,342,OSL,644,,0,CRJ
1458,4U,2548,HAM,342,PMI,3998,,0,319
1459,4U,2548,HAM,342,PRG,1587,,0,CRJ
1460,4U,2548,HAM,342,PRN,1742,,0,319
1461,4U,2548,HAM,342,RJK,1205,,0,319
1462,4U,2548,HAM,342,SAW,4317,,0,319
1463,4U,2548,HAM,342,SKG,1486,,0,319
1464,4U,2548,HAM,342,SPU,1206,,0,319
1465,4U,2548,HAM,342,STR,350,,0,319 CRJ
1466,4U,2548,HAM,342,TLS,1273,,0,CRJ
1467,4U,2548,HAM,342,VCE,1551,,0,319 CRJ
1468,4U,2548,HAM,342,VIE,1613,,0,319 CRJ
1469,4U,2548,HAM,342,VRN,1550,,0,CRJ
1470,4U,2548,HAM,342,ZRH,1678,,0,319 CRJ
1471,4U,2548,HDF,5557,CGN,344,,0,CRJ
1472,4U,2548,HDF,5557,DTM,373,,0,319
1473,4U,2548,HDF,5557,DUS,345,,0,CRJ
1474,4U,2548,HDF,5557,FRA,340,,0,CRJ
1475,4U,2548,HDF,5557,STR,350,,0,CRJ
1476,4U,2548,HEL,421,TXL,351,,0,319
1477,4U,2548,HER,1452,CGN,344,,0,320 319
1478,4U,2548,HER,1452,DUS,345,,0,319
1479,4U,2548,HER,1452,HAJ,352,,0,319
1480,4U,2548,HER,1452,HAM,342,,0,319
1481,4U,2548,HER,1452,STR,350,,0,319
1482,4U,2548,HER,1452,TXL,351,,0,319
1483,4U,2548,IBZ,1225,CGN,344,,0,320 319
1484,4U,2548,IBZ,1225,DUS,345,,0,320
1485,4U,2548,IBZ,1225,STR,350,,0,319
1486,4U,2548,IBZ,1225,TXL,351,,0,319
1487,4U,2548,JMK,1468,CGN,344,,0,319
1488,4U,2548,JTR,1479,CGN,344,,0,319
1489,4U,2548,KGS,1458,CGN,344,,0,319
1490,4U,2548,KLU,4322,CGN,344,,0,CRJ
1491,4U,2548,KLU,4322,HAM,342,,0,319 CRJ
1492,4U,2548,KLU,4322,TXL,351,,0,319 CRJ
1493,4U,2548,KRK,669,STR,350,,0,CRJ
1494,4U,2548,KTW,671,DUS,345,,0,CRJ
1495,4U,2548,KVA,1462,CGN,344,,0,319 320
1496,4U,2548,KVA,1462,STR,350,,0,319
1497,4U,2548,LEJ,348,CGN,344,,0,CRJ 319 320
1498,4U,2548,LEJ,348,DUS,345,,0,CRJ
1499,4U,2548,LEJ,348,STR,350,,0,319 CRJ
